{
    "fc_deep": {
        "train_losses": [
            1.708347157187288,
            1.5032777513972628,
            1.4145831172464753,
            1.3457142932630088,
            1.2906185402674928,
            1.2414411367396856,
            1.1938057264226107,
            1.1562691785857528,
            1.1228009760570465,
            1.0889917700167124
        ],
        "test_losses": [
            1.5042726860259668,
            1.4218502275098246,
            1.374181481405569,
            1.3490827563471688,
            1.3122929138497423,
            1.3004963973078865,
            1.2810273899818763,
            1.2664087412837215,
            1.2892820035306791,
            1.2850679945641053
        ],
        "train_accs": [
            0.38774,
            0.46498,
            0.49766,
            0.52184,
            0.54148,
            0.55882,
            0.5749,
            0.58618,
            0.60094,
            0.6103
        ],
        "test_accs": [
            0.4599,
            0.4946,
            0.504,
            0.5231,
            0.5355,
            0.5373,
            0.5427,
            0.5545,
            0.5491,
            0.5533
        ],
        "training_time": 187.13281679153442
    },
    "cnn_simple_cnn_cifar": {
        "train_losses": [
            1.3292266850813184,
            0.987287817574127,
            0.8447209010502503,
            0.7465125295838254,
            0.6606400688050729,
            0.5923640145678896,
            0.5278602221781675,
            0.4727174962798678,
            0.4311614419385476,
            0.38921444942210626
        ],
        "test_losses": [
            1.0628123784217591,
            0.9599066996536316,
            0.8655672035278222,
            0.8173204877506048,
            0.8506158392269391,
            0.8521923883654439,
            0.8639039614330084,
            0.9163402517954,
            0.940846305495253,
            0.9782146103561115
        ],
        "train_accs": [
            0.52462,
            0.65198,
            0.70294,
            0.73506,
            0.76638,
            0.7888,
            0.81028,
            0.8294,
            0.84402,
            0.85686
        ],
        "test_accs": [
            0.6253,
            0.6592,
            0.7027,
            0.7137,
            0.7126,
            0.7157,
            0.7185,
            0.7195,
            0.7251,
            0.7175
        ],
        "training_time": 201.22401332855225
    },
    "cnn_residual_cnn_cifar": {
        "train_losses": [
            1.1449364385998408,
            0.7787990209885461,
            0.6487658262557886,
            0.5547129154033715,
            0.4843613556225713,
            0.4292814350869895,
            0.3744242918211073,
            0.3294323505172345,
            0.2899048434271312,
            0.2525571892663636
        ],
        "test_losses": [
            0.8507462765652531,
            0.7055252500045033,
            0.6795542769538708,
            0.630618696966872,
            0.5699078498985439,
            0.6083546931656024,
            0.552449456204812,
            0.603535843066895,
            0.5670094013261718,
            0.624912852415452
        ],
        "train_accs": [
            0.59362,
            0.72826,
            0.77404,
            0.80854,
            0.83196,
            0.8503,
            0.87182,
            0.88548,
            0.89826,
            0.91258
        ],
        "test_accs": [
            0.7045,
            0.7559,
            0.7642,
            0.7802,
            0.8033,
            0.7964,
            0.8152,
            0.81,
            0.8203,
            0.8114
        ],
        "training_time": 271.0241811275482
    },
    "cnn_cifar": {
        "train_losses": [
            1.3204251919811685,
            0.9032216659167297,
            0.7352851378521092,
            0.6266162005549276,
            0.5415780166746788,
            0.46843535403029246,
            0.40518435362728833,
            0.35267211554270483,
            0.31382604901245675,
            0.28092690093308137
        ],
        "test_losses": [
            0.970046222781221,
            0.8437068061516307,
            0.8430316889057525,
            0.7314838757530188,
            0.7221655224839719,
            0.7513714015674287,
            0.8009736177068167,
            0.8322403977473323,
            0.8940487126953686,
            0.936091780210265
        ],
        "train_accs": [
            0.52238,
            0.68308,
            0.7448,
            0.78042,
            0.81018,
            0.83522,
            0.85472,
            0.87278,
            0.88754,
            0.89974
        ],
        "test_accs": [
            0.6594,
            0.7116,
            0.7115,
            0.7502,
            0.7598,
            0.7623,
            0.7604,
            0.7603,
            0.7588,
            0.7571
        ],
        "training_time": 211.11763525009155
    }
}