{
    "cifar": {
        "train_losses": [
            1.3204251919811685,
            0.9032216659167297,
            0.7352851378521092,
            0.6266162005549276,
            0.5415780166746788,
            0.46843535403029246,
            0.40518435362728833,
            0.35267211554270483,
            0.31382604901245675,
            0.28092690093308137
        ],
        "test_losses": [
            0.970046222781221,
            0.8437068061516307,
            0.8430316889057525,
            0.7314838757530188,
            0.7221655224839719,
            0.7513714015674287,
            0.8009736177068167,
            0.8322403977473323,
            0.8940487126953686,
            0.936091780210265
        ],
        "train_accs": [
            0.52238,
            0.68308,
            0.7448,
            0.78042,
            0.81018,
            0.83522,
            0.85472,
            0.87278,
            0.88754,
            0.89974
        ],
        "test_accs": [
            0.6594,
            0.7116,
            0.7115,
            0.7502,
            0.7598,
            0.7623,
            0.7604,
            0.7603,
            0.7588,
            0.7571
        ],
        "training_time": 211.11763525009155
    }
}