{
    "fc_deep": {
        "train_losses": [
            1.708347157187288,
            1.5032777513972628,
            1.4145831172464753,
            1.3457142932630088,
            1.2906185402674928,
            1.2414411367396856,
            1.1938057264226107,
            1.1562691785857528,
            1.1228009760570465,
            1.0889917700167124
        ],
        "test_losses": [
            1.5042726860259668,
            1.4218502275098246,
            1.374181481405569,
            1.3490827563471688,
            1.3122929138497423,
            1.3004963973078865,
            1.2810273899818763,
            1.2664087412837215,
            1.2892820035306791,
            1.2850679945641053
        ],
        "train_accs": [
            0.38774,
            0.46498,
            0.49766,
            0.52184,
            0.54148,
            0.55882,
            0.5749,
            0.58618,
            0.60094,
            0.6103
        ],
        "test_accs": [
            0.4599,
            0.4946,
            0.504,
            0.5231,
            0.5355,
            0.5373,
            0.5427,
            0.5545,
            0.5491,
            0.5533
        ],
        "training_time": 187.13281679153442
    }
}