{
    "fc_simple": {
        "train_losses": [
            0.2159582746066153,
            0.09683307175040246,
            0.07524944110036207,
            0.06261166863476392,
            0.05530937588770175,
            0.04624119091899629,
            0.04269546209109636,
            0.03742311060793218,
            0.03711440666341368,
            0.03486501538042163
        ],
        "test_losses": [
            0.11084968356427531,
            0.09057950275186182,
            0.08274148532520265,
            0.08782978496689442,
            0.0861018972250567,
            0.09066375715028466,
            0.08392389074320039,
            0.08926815666601119,
            0.11423183871559445,
            0.09300132805539177
        ],
        "train_accs": [
            0.9334833333333333,
            0.97015,
            0.9759666666666666,
            0.98035,
            0.98295,
            0.9859,
            0.9866166666666667,
            0.9883,
            0.9888,
            0.9893333333333333
        ],
        "test_accs": [
            0.9667,
            0.9726,
            0.9772,
            0.9743,
            0.9767,
            0.9774,
            0.9786,
            0.9801,
            0.9775,
            0.9796
        ],
        "training_time": 239.65709018707275
    }
}