{
    "fc_simple": {
        "train_losses": [
            0.2159582746066153,
            0.09683307175040246,
            0.07524944110036207,
            0.06261166863476392,
            0.05530937588770175,
            0.04624119091899629,
            0.04269546209109636,
            0.03742311060793218,
            0.03711440666341368,
            0.03486501538042163
        ],
        "test_losses": [
            0.11084968356427531,
            0.09057950275186182,
            0.08274148532520265,
            0.08782978496689442,
            0.0861018972250567,
            0.09066375715028466,
            0.08392389074320039,
            0.08926815666601119,
            0.11423183871559445,
            0.09300132805539177
        ],
        "train_accs": [
            0.9334833333333333,
            0.97015,
            0.9759666666666666,
            0.98035,
            0.98295,
            0.9859,
            0.9866166666666667,
            0.9883,
            0.9888,
            0.9893333333333333
        ],
        "test_accs": [
            0.9667,
            0.9726,
            0.9772,
            0.9743,
            0.9767,
            0.9774,
            0.9786,
            0.9801,
            0.9775,
            0.9796
        ],
        "training_time": 239.65709018707275
    },
    "cnn_simple_cnn_mnist": {
        "train_losses": [
            0.13592646463941782,
            0.05102453082160403,
            0.03768566677862158,
            0.029266268024925376,
            0.021870270793446493,
            0.019437333916149147,
            0.018326354416020634,
            0.013980584472696629,
            0.012956613931249762,
            0.013378234851013679
        ],
        "test_losses": [
            0.036145224821468896,
            0.03392897743193177,
            0.02804129093644083,
            0.025768418383327857,
            0.02943583653154819,
            0.03341341928591774,
            0.028043209754601638,
            0.0316613050804791,
            0.026876394718404452,
            0.027820244837990036
        ],
        "train_accs": [
            0.9584166666666667,
            0.98445,
            0.9885166666666667,
            0.9908166666666667,
            0.993,
            0.9934833333333334,
            0.9941666666666666,
            0.9956,
            0.9954833333333334,
            0.9958
        ],
        "test_accs": [
            0.9867,
            0.9885,
            0.99,
            0.9909,
            0.9907,
            0.9913,
            0.9921,
            0.9907,
            0.9937,
            0.9916
        ],
        "training_time": 218.0911192893982
    },
    "cnn_residual_cnn_mnist": {
        "train_losses": [
            0.09870825199208533,
            0.04309665190388138,
            0.032223429507975625,
            0.025714430546871152,
            0.0215810192316431,
            0.018702756078071738,
            0.01589999009720729,
            0.014408283073484442,
            0.012818868277014795,
            0.01009081262264687
        ],
        "test_losses": [
            0.049688383617018834,
            0.036159885934362125,
            0.023114743461005224,
            0.019497207527419146,
            0.015607278971462704,
            0.020489385511121564,
            0.01756596653912436,
            0.02371397712214005,
            0.01798795062260264,
            0.01878444775198781
        ],
        "train_accs": [
            0.9698,
            0.98685,
            0.9892666666666666,
            0.9917333333333334,
            0.9929333333333333,
            0.9941833333333333,
            0.9949833333333333,
            0.99535,
            0.9960333333333333,
            0.9966333333333334
        ],
        "test_accs": [
            0.9828,
            0.989,
            0.9925,
            0.9931,
            0.9956,
            0.9934,
            0.9944,
            0.9931,
            0.9944,
            0.9941
        ],
        "training_time": 296.23861169815063
    }
}