{
    "residual_cnn_cifar": {
        "train_losses": [
            1.1449364385998408,
            0.7787990209885461,
            0.6487658262557886,
            0.5547129154033715,
            0.4843613556225713,
            0.4292814350869895,
            0.3744242918211073,
            0.3294323505172345,
            0.2899048434271312,
            0.2525571892663636
        ],
        "test_losses": [
            0.8507462765652531,
            0.7055252500045033,
            0.6795542769538708,
            0.630618696966872,
            0.5699078498985439,
            0.6083546931656024,
            0.552449456204812,
            0.603535843066895,
            0.5670094013261718,
            0.624912852415452
        ],
        "train_accs": [
            0.59362,
            0.72826,
            0.77404,
            0.80854,
            0.83196,
            0.8503,
            0.87182,
            0.88548,
            0.89826,
            0.91258
        ],
        "test_accs": [
            0.7045,
            0.7559,
            0.7642,
            0.7802,
            0.8033,
            0.7964,
            0.8152,
            0.81,
            0.8203,
            0.8114
        ],
        "training_time": 271.0241811275482
    }
}