{
    "residual_cnn_mnist": {
        "train_losses": [
            0.09870825199208533,
            0.04309665190388138,
            0.032223429507975625,
            0.025714430546871152,
            0.0215810192316431,
            0.018702756078071738,
            0.01589999009720729,
            0.014408283073484442,
            0.012818868277014795,
            0.01009081262264687
        ],
        "test_losses": [
            0.049688383617018834,
            0.036159885934362125,
            0.023114743461005224,
            0.019497207527419146,
            0.015607278971462704,
            0.020489385511121564,
            0.01756596653912436,
            0.02371397712214005,
            0.01798795062260264,
            0.01878444775198781
        ],
        "train_accs": [
            0.9698,
            0.98685,
            0.9892666666666666,
            0.9917333333333334,
            0.9929333333333333,
            0.9941833333333333,
            0.9949833333333333,
            0.99535,
            0.9960333333333333,
            0.9966333333333334
        ],
        "test_accs": [
            0.9828,
            0.989,
            0.9925,
            0.9931,
            0.9956,
            0.9934,
            0.9944,
            0.9931,
            0.9944,
            0.9941
        ],
        "training_time": 296.23861169815063
    }
}