{
    "simple_cnn_cifar": {
        "train_losses": [
            1.3292266850813184,
            0.987287817574127,
            0.8447209010502503,
            0.7465125295838254,
            0.6606400688050729,
            0.5923640145678896,
            0.5278602221781675,
            0.4727174962798678,
            0.4311614419385476,
            0.38921444942210626
        ],
        "test_losses": [
            1.0628123784217591,
            0.9599066996536316,
            0.8655672035278222,
            0.8173204877506048,
            0.8506158392269391,
            0.8521923883654439,
            0.8639039614330084,
            0.9163402517954,
            0.940846305495253,
            0.9782146103561115
        ],
        "train_accs": [
            0.52462,
            0.65198,
            0.70294,
            0.73506,
            0.76638,
            0.7888,
            0.81028,
            0.8294,
            0.84402,
            0.85686
        ],
        "test_accs": [
            0.6253,
            0.6592,
            0.7027,
            0.7137,
            0.7126,
            0.7157,
            0.7185,
            0.7195,
            0.7251,
            0.7175
        ],
        "training_time": 201.22401332855225
    }
}