{
    "simple_cnn_mnist": {
        "train_losses": [
            0.13592646463941782,
            0.05102453082160403,
            0.03768566677862158,
            0.029266268024925376,
            0.021870270793446493,
            0.019437333916149147,
            0.018326354416020634,
            0.013980584472696629,
            0.012956613931249762,
            0.013378234851013679
        ],
        "test_losses": [
            0.036145224821468896,
            0.03392897743193177,
            0.02804129093644083,
            0.025768418383327857,
            0.02943583653154819,
            0.03341341928591774,
            0.028043209754601638,
            0.0316613050804791,
            0.026876394718404452,
            0.027820244837990036
        ],
        "train_accs": [
            0.9584166666666667,
            0.98445,
            0.9885166666666667,
            0.9908166666666667,
            0.993,
            0.9934833333333334,
            0.9941666666666666,
            0.9956,
            0.9954833333333334,
            0.9958
        ],
        "test_accs": [
            0.9867,
            0.9885,
            0.99,
            0.9909,
            0.9907,
            0.9913,
            0.9921,
            0.9907,
            0.9937,
            0.9916
        ],
        "training_time": 218.0911192893982
    }
}